model,usd_for_1000_outonly
gpt-3.5-turbo,0.014065493050959613
o3,0.18795522983042537
gemini-2.5-pro,0.5911232251521297
