term,sumsq,meansq,NumDF,DenDF,statistic,p.value
source,1765858.439899421,126132.74570710151,14,4454.999999639908,1652.3681988041149,0
task,4398.392989542195,2199.1964947710976,2,1.2336201944229203e-6,28.809983723970003,0.9999891075466545
source:task,20348.64799999994,726.7374285714264,28,4454.999999316604,9.520428728639756,2.1979303543475843e-39
