term,sumsq,meansq,NumDF,DenDF,statistic,p.value
source,0.6840439269476942,0.048860280496263876,14,4454.9999998499925,233.11801409908776,0
task,4.401274966058653e-4,2.2006374830293266e-4,2,3.05671555735683e-6,1.0499494366084103,0.9999794589904025
source:task,0.40453072712259297,0.014447525968664034,28,4454.999999804705,68.93080695100579,6.27e-322
