kendalls_w,statistic,p.value,subjects,raters
0.027777777777777776,0.8333333333333333,0.6592406302004439,3,15
