estimate,p.value,statistic,n,gp,Method
0.44864065163827627,9.104466425217119e-222,33.66373979108485,4500,1,spearman
